analysis,metric,a,b,mean_diff,p_holm,n_a_gt_b,n,friedman_p
final,16 crown AP,HG,PC,0.30288456629002364,1.0,3,5,0.7819042243386314
final,16 crown AP,HG,CAH,0.31018918088784037,1.0,3,5,0.7819042243386314
final,16 crown AP,HG,CMH,0.3115604731031877,1.0,3,5,0.7819042243386314
final,16 crown AP,PC,CAH,0.00730461459781675,1.0,3,5,0.7819042243386314
final,16 crown AP,PC,CMH,0.008675906813164014,0.943157537105964,3,5,0.7819042243386314
final,16 crown AP,CAH,CMH,0.001371292215347264,0.591459403289827,4,5,0.7819042243386314
final,16 apex AP,HG,PC,-0.2990099409166647,0.12700723373295636,0,5,0.0135882729582177
final,16 apex AP,HG,CAH,-0.2958094223892733,0.12700723373295636,0,5,0.0135882729582177
final,16 apex AP,HG,CMH,-0.2968188579906911,0.12700723373295636,0,5,0.0135882729582177
final,16 apex AP,PC,CAH,0.0032005185273913292,0.5937305257934373,3,5,0.0135882729582177
final,16 apex AP,PC,CMH,0.002191082925973619,0.5937305257934373,3,5,0.0135882729582177
final,16 apex AP,CAH,CMH,-0.0010094356014177103,0.03110504498443424,0,5,0.0135882729582177
final,16 V,HG,PC,-0.18130308818209578,0.5295680960079292,1,5,0.0771761944571736
final,16 V,HG,CAH,-0.12887686025701361,0.7018461579133066,2,5,0.0771761944571736
final,16 V,HG,CMH,-0.1284672528435886,0.7018461579133066,2,5,0.0771761944571736
final,16 V,PC,CAH,0.052426227925082204,0.0018576079173934442,5,5,0.0771761944571736
final,16 V,PC,CMH,0.0528358353385072,0.0018391278745495858,5,5,0.0771761944571736
final,16 V,CAH,CMH,0.0004096074134250005,0.7018461579133066,3,5,0.0771761944571736
final,16 BP,HG,PC,-1.842673630265999,0.00015269926540879705,0,5,0.0035695719978437583
final,16 BP,HG,CAH,-1.7522239311793366,0.00019920880335468793,0,5,0.0035695719978437583
final,16 BP,HG,CMH,-1.7547455837651635,0.00019920880335468793,0,5,0.0035695719978437583
final,16 BP,PC,CAH,0.09044969908666241,0.009085547897116061,5,5,0.0035695719978437583
final,16 BP,PC,CMH,0.0879280465008355,0.009085547897116061,5,5,0.0035695719978437583
final,16 BP,CAH,CMH,-0.0025216525858269057,0.31492849111208987,2,5,0.0035695719978437583
final,13 crown AP,HG,PC,-1.0427672376301644,0.003157924196323987,0,5,0.0028512084304522568
final,13 crown AP,HG,CAH,-1.0184294761874362,0.003157924196323987,0,5,0.0028512084304522568
final,13 crown AP,HG,CMH,-1.0144646095343082,0.003157924196323987,0,5,0.0028512084304522568
final,13 crown AP,PC,CAH,0.024337761442728388,0.03131328838631609,4,5,0.0028512084304522568
final,13 crown AP,PC,CMH,0.028302628095856132,0.03131328838631609,5,5,0.0028512084304522568
final,13 crown AP,CAH,CMH,0.003964866653127741,0.014601513624200719,5,5,0.0028512084304522568
final,13 V,HG,PC,-0.30500754922219525,0.05751431878237164,0,5,0.0018166489665723214
final,13 V,HG,CAH,-0.25249430256289374,0.05751431878237164,0,5,0.0018166489665723214
final,13 V,HG,CMH,-0.258103304615901,0.05751431878237164,0,5,0.0018166489665723214
final,13 V,PC,CAH,0.0525132466593015,0.02756009838691426,5,5,0.0018166489665723214
final,13 V,PC,CMH,0.0469042446062943,0.02756009838691426,5,5,0.0018166489665723214
final,13 V,CAH,CMH,-0.005609002053007206,0.041002057334881645,0,5,0.0018166489665723214
final,11 crown BP,HG,PC,-0.09941499002992679,1.0,3,5,0.5641461991984618
final,11 crown BP,HG,CAH,-0.11780335523662581,1.0,3,5,0.5641461991984618
final,11 crown BP,HG,CMH,-0.11202845328228068,1.0,3,5,0.5641461991984618
final,11 crown BP,PC,CAH,-0.018388365206699026,1.0,2,5,0.5641461991984618
final,11 crown BP,PC,CMH,-0.01261346325235389,1.0,2,5,0.5641461991984618
final,11 crown BP,CAH,CMH,0.005774901954345135,0.3177808755091371,5,5,0.5641461991984618
final,11 apex BP,HG,PC,0.5566879087131452,0.0005078826094812751,5,5,0.00698319445326556
final,11 apex BP,HG,CAH,0.5655584129929936,0.0005078826094812751,5,5,0.00698319445326556
final,11 apex BP,HG,CMH,0.5701069453758161,0.0005078826094812751,5,5,0.00698319445326556
final,11 apex BP,PC,CAH,0.00887050427984828,0.23979663091777378,4,5,0.00698319445326556
final,11 apex BP,PC,CMH,0.013419036662670747,0.23098799652983487,4,5,0.00698319445326556
final,11 apex BP,CAH,CMH,0.004548532382822467,0.16203989183640805,5,5,0.00698319445326556
final,11 V,HG,PC,0.8189759319759136,0.003038798658853944,5,5,0.0028512084304522568
final,11 V,HG,CAH,0.7605746655602788,0.004092650596826159,5,5,0.0028512084304522568
final,11 V,HG,CMH,0.7651052292891795,0.004092650596826159,5,5,0.0028512084304522568
final,11 V,PC,CAH,-0.05840126641563472,0.0062288287677216315,0,5,0.0028512084304522568
final,11 V,PC,CMH,-0.05387070268673409,0.010047139434909971,0,5,0.0028512084304522568
final,11 V,CAH,CMH,0.004530563728900627,0.2049555743392681,4,5,0.0028512084304522568
final,16 tipping,HG,PC,0.6018945072066884,0.70886867185847,4,5,0.1777497439819156
final,16 tipping,HG,CAH,0.6059986032771139,0.70886867185847,4,5,0.1777497439819156
final,16 tipping,HG,CMH,0.6083793310938789,0.70886867185847,4,5,0.1777497439819156
final,16 tipping,PC,CAH,0.004104096070425422,0.8377614096419982,3,5,0.1777497439819156
final,16 tipping,PC,CMH,0.006484823887190428,0.8377614096419982,3,5,0.1777497439819156
final,16 tipping,CAH,CMH,0.0023807278167650046,0.07105437559994982,5,5,0.1777497439819156
matched,16 crown AP,HG,PC,-3.3306690738754695e-17,1.0,1,5,0.212290287360133
matched,16 crown AP,HG,CAH,3.3306690738754695e-17,1.0,3,5,0.212290287360133
matched,16 crown AP,HG,CMH,3.3306690738754695e-17,0.4229039814613195,3,5,0.212290287360133
matched,16 crown AP,PC,CAH,6.661338147750939e-17,1.0,4,5,0.212290287360133
matched,16 crown AP,PC,CMH,6.661338147750939e-17,0.5435047566246178,3,5,0.212290287360133
matched,16 crown AP,CAH,CMH,0.0,1.0,2,5,0.212290287360133
matched,16 apex AP,HG,PC,0.15502618717063604,0.006946353190588898,5,5,0.0018166489665723214
matched,16 apex AP,HG,CAH,0.15785790521944768,0.006946353190588898,5,5,0.0018166489665723214
matched,16 apex AP,HG,CMH,0.15719237281281667,0.006946353190588898,5,5,0.0018166489665723214
matched,16 apex AP,PC,CAH,0.002831718048811588,0.009836565890897913,5,5,0.0018166489665723214
matched,16 apex AP,PC,CMH,0.0021661856421806014,0.009836565890897913,5,5,0.0018166489665723214
matched,16 apex AP,CAH,CMH,-0.0006655324066309864,0.0339944205329614,0,5,0.0018166489665723214
matched,16 V,HG,PC,0.07913327610159122,0.004818164865786775,5,5,0.0018166489665723214
matched,16 V,HG,CAH,0.09067477570753339,0.004818164865786775,5,5,0.0018166489665723214
matched,16 V,HG,CMH,0.08989371477279755,0.004818164865786775,5,5,0.0018166489665723214
matched,16 V,PC,CAH,0.011541499605942168,0.0012273287031562283,5,5,0.0018166489665723214
matched,16 V,PC,CMH,0.010760438671206329,0.0012273287031562283,5,5,0.0018166489665723214
matched,16 V,CAH,CMH,-0.0007810609347358388,0.004818164865786775,0,5,0.0018166489665723214
matched,16 BP,HG,PC,-0.5176189321425184,0.014014847663084452,0,5,0.0018166489665723214
matched,16 BP,HG,CAH,-0.4993706342333274,0.014014847663084452,0,5,0.0018166489665723214
matched,16 BP,HG,CMH,-0.5023671724393538,0.014014847663084452,0,5,0.0018166489665723214
matched,16 BP,PC,CAH,0.018248297909191052,0.009017761127251004,5,5,0.0018166489665723214
matched,16 BP,PC,CMH,0.015251759703164664,0.014014847663084452,5,5,0.0018166489665723214
matched,16 BP,CAH,CMH,-0.0029965382060263886,0.016717845178081166,0,5,0.0018166489665723214
matched,13 crown AP,HG,PC,0.30424994438856223,0.00634689485251637,5,5,0.0018166489665723214
matched,13 crown AP,HG,CAH,0.3136114656076689,0.00634689485251637,5,5,0.0018166489665723214
matched,13 crown AP,HG,CMH,0.3173140041024471,0.00634689485251637,5,5,0.0018166489665723214
matched,13 crown AP,PC,CAH,0.009361521219106633,0.009167757782694451,5,5,0.0018166489665723214
matched,13 crown AP,PC,CMH,0.013064059713884874,0.00634689485251637,5,5,0.0018166489665723214
matched,13 crown AP,CAH,CMH,0.00370253849477824,0.0016817836915422961,5,5,0.0018166489665723214
matched,13 V,HG,PC,0.028961636965128722,1.0,4,5,0.02626441798709072
matched,13 V,HG,CAH,0.03786083706366268,1.0,4,5,0.02626441798709072
matched,13 V,HG,CMH,0.03527264053010819,1.0,4,5,0.02626441798709072
matched,13 V,PC,CAH,0.008899200098533951,0.012334284197853481,5,5,0.02626441798709072
matched,13 V,PC,CMH,0.006311003564979462,0.024910948646115105,5,5,0.02626441798709072
matched,13 V,CAH,CMH,-0.0025881965335544906,0.0007366229274835207,0,5,0.02626441798709072
matched,11 crown BP,HG,PC,0.14263968421349918,0.6674908570817496,4,5,0.09535032301698126
matched,11 crown BP,HG,CAH,0.14320168674524486,0.6674908570817496,4,5,0.09535032301698126
matched,11 crown BP,HG,CMH,0.14820617146422155,0.6674908570817496,4,5,0.09535032301698126
matched,11 crown BP,PC,CAH,0.000562002531745684,0.8569339553529305,4,5,0.09535032301698126
matched,11 crown BP,PC,CMH,0.00556648725072238,0.5618245803317744,4,5,0.09535032301698126
matched,11 crown BP,CAH,CMH,0.005004484718976696,0.0029716621727559093,5,5,0.09535032301698126
matched,11 apex BP,HG,PC,-0.05985756454354678,0.7114707625670853,1,5,0.14474357941485672
matched,11 apex BP,HG,CAH,-0.060350359063027936,0.7114707625670853,1,5,0.14474357941485672
matched,11 apex BP,HG,CMH,-0.057704517508854594,0.7114707625670853,1,5,0.14474357941485672
matched,11 apex BP,PC,CAH,-0.0004927945194811549,0.7882557447144807,2,5,0.14474357941485672
matched,11 apex BP,PC,CMH,0.0021530470346921844,0.7114707625670853,3,5,0.14474357941485672
matched,11 apex BP,CAH,CMH,0.0026458415541733395,0.0017956178457563601,5,5,0.14474357941485672
matched,11 V,HG,PC,-0.18101842068889154,0.005583147337457767,0,5,0.0018166489665723214
matched,11 V,HG,CAH,-0.1979364806161657,0.005583147337457767,0,5,0.0018166489665723214
matched,11 V,HG,CMH,-0.19334885422144976,0.005583147337457767,0,5,0.0018166489665723214
matched,11 V,PC,CAH,-0.016918059927274187,0.003920851293225272,0,5,0.0018166489665723214
matched,11 V,PC,CMH,-0.012330433532558254,0.005583147337457767,0,5,0.0018166489665723214
matched,11 V,CAH,CMH,0.004587626394715933,0.0013315902128833777,5,5,0.0018166489665723214
matched,16 tipping,HG,PC,-0.1550261871706361,0.006946353190588917,0,5,0.0018166489665723214
matched,16 tipping,HG,CAH,-0.15785790521944762,0.006946353190588917,0,5,0.0018166489665723214
matched,16 tipping,HG,CMH,-0.15719237281281664,0.006946353190588917,0,5,0.0018166489665723214
matched,16 tipping,PC,CAH,-0.002831718048811527,0.009836565890896631,0,5,0.0018166489665723214
matched,16 tipping,PC,CMH,-0.0021661856421805402,0.009836565890896631,0,5,0.0018166489665723214
matched,16 tipping,CAH,CMH,0.0006655324066309864,0.03399442053296191,5,5,0.0018166489665723214
per_mm,16 crown AP,HG,PC,0.0,0.0,0,5,nan
per_mm,16 crown AP,HG,CAH,0.0,0.0,0,5,nan
per_mm,16 crown AP,HG,CMH,0.0,0.0,0,5,nan
per_mm,16 crown AP,PC,CAH,0.0,0.0,0,5,nan
per_mm,16 crown AP,PC,CMH,0.0,0.0,0,5,nan
per_mm,16 crown AP,CAH,CMH,0.0,0.0,0,5,nan
per_mm,16 apex AP,HG,PC,-0.28481299246810315,0.1297767858116051,0,5,0.00698319445326556
per_mm,16 apex AP,HG,CAH,-0.27822777364280143,0.1297767858116051,0,5,0.00698319445326556
per_mm,16 apex AP,HG,CMH,-0.27980032344757777,0.1297767858116051,0,5,0.00698319445326556
per_mm,16 apex AP,PC,CAH,0.006585218825301787,0.4867730872666423,4,5,0.00698319445326556
per_mm,16 apex AP,PC,CMH,0.0050126690205253375,0.4867730872666423,4,5,0.00698319445326556
per_mm,16 apex AP,CAH,CMH,-0.0015725498047764505,0.1502646615193473,0,5,0.00698319445326556
per_mm,16 V,HG,PC,-0.11413471101987915,0.18806579464004847,0,5,0.02626441798709072
per_mm,16 V,HG,CAH,-0.049847365665058485,0.5848809588990553,2,5,0.02626441798709072
per_mm,16 V,HG,CMH,-0.04922291971314188,0.5848809588990553,2,5,0.02626441798709072
per_mm,16 V,PC,CAH,0.06428734535482067,0.03762138832868026,5,5,0.02626441798709072
per_mm,16 V,PC,CMH,0.06491179130673727,0.03762138832868026,5,5,0.02626441798709072
per_mm,16 V,CAH,CMH,0.0006244459519166023,0.5848809588990553,3,5,0.02626441798709072
per_mm,16 BP,HG,PC,-2.010746494305225,0.013985847757902304,0,5,0.0028512084304522568
per_mm,16 BP,HG,CAH,-1.9060033612239728,0.013985847757902304,0,5,0.0028512084304522568
per_mm,16 BP,HG,CMH,-1.9110492464466777,0.013985847757902304,0,5,0.0028512084304522568
per_mm,16 BP,PC,CAH,0.10474313308125231,0.04145149965947252,5,5,0.0028512084304522568
per_mm,16 BP,PC,CMH,0.0996972478585475,0.04145149965947252,5,5,0.0028512084304522568
per_mm,16 BP,CAH,CMH,-0.005045885222704827,0.1665998476959912,1,5,0.0028512084304522568
per_mm,13 crown AP,HG,PC,-1.3273214251825585,0.1293692953264732,0,5,0.02626441798709072
per_mm,13 crown AP,HG,CAH,-1.299565235755257,0.1293692953264732,0,5,0.02626441798709072
per_mm,13 crown AP,HG,CMH,-1.2980662301227615,0.1293692953264732,0,5,0.02626441798709072
per_mm,13 crown AP,PC,CAH,0.027756189427301757,0.4933657269160799,3,5,0.02626441798709072
per_mm,13 crown AP,PC,CMH,0.02925519505979739,0.4933657269160799,3,5,0.02626441798709072
per_mm,13 crown AP,CAH,CMH,0.0014990056324956313,0.4933657269160799,3,5,0.02626441798709072
per_mm,13 V,HG,PC,-0.3243207110799315,0.02999519246854263,0,5,0.0018166489665723214
per_mm,13 V,HG,CAH,-0.2632381644888304,0.02999519246854263,0,5,0.0018166489665723214
per_mm,13 V,HG,CMH,-0.2704385157299956,0.02999519246854263,0,5,0.0018166489665723214
per_mm,13 V,PC,CAH,0.06108254659110111,0.02303417302422305,5,5,0.0018166489665723214
per_mm,13 V,PC,CMH,0.05388219534993588,0.0225737626131975,5,5,0.0018166489665723214
per_mm,13 V,CAH,CMH,-0.007200351241165232,0.04386219834372421,0,5,0.0018166489665723214
per_mm,11 crown BP,HG,PC,-0.4470462626364811,1.0,2,5,0.7819042243386314
per_mm,11 crown BP,HG,CAH,-0.4615311967948571,1.0,2,5,0.7819042243386314
per_mm,11 crown BP,HG,CMH,-0.45796827110404514,1.0,2,5,0.7819042243386314
per_mm,11 crown BP,PC,CAH,-0.014484934158376053,1.0,2,5,0.7819042243386314
per_mm,11 crown BP,PC,CMH,-0.01092200846756409,1.0,2,5,0.7819042243386314
per_mm,11 crown BP,CAH,CMH,0.003562925690811962,1.0,4,5,0.7819042243386314
per_mm,11 apex BP,HG,PC,0.721922485110753,0.10746286157415964,5,5,0.0078057407518306934
per_mm,11 apex BP,HG,CAH,0.7311805212192388,0.10746286157415964,5,5,0.0078057407518306934
per_mm,11 apex BP,HG,CMH,0.7386340808721104,0.10746286157415964,5,5,0.0078057407518306934
per_mm,11 apex BP,PC,CAH,0.009258036108485745,0.3321716618195918,3,5,0.0078057407518306934
per_mm,11 apex BP,PC,CMH,0.01671159576135739,0.2567561464298912,4,5,0.0078057407518306934
per_mm,11 apex BP,CAH,CMH,0.007453559652871644,0.2567561464298912,5,5,0.0078057407518306934
per_mm,11 V,HG,PC,0.9444905825320887,0.046636164663875816,5,5,0.0028512084304522568
per_mm,11 V,HG,CAH,0.8768673896730173,0.046636164663875816,5,5,0.0028512084304522568
per_mm,11 V,HG,CMH,0.8842819758017925,0.046636164663875816,5,5,0.0028512084304522568
per_mm,11 V,PC,CAH,-0.06762319285907145,0.09849811685223434,0,5,0.0028512084304522568
per_mm,11 V,PC,CMH,-0.060208606730296245,0.09849811685223434,0,5,0.0028512084304522568
per_mm,11 V,CAH,CMH,0.0074145861287752135,0.17754604271799249,4,5,0.0028512084304522568
per_mm,16 tipping,HG,PC,0.28481299246810315,0.1297767858116049,5,5,0.00698319445326556
per_mm,16 tipping,HG,CAH,0.2782277736428013,0.1297767858116049,5,5,0.00698319445326556
per_mm,16 tipping,HG,CMH,0.2798003234475779,0.1297767858116049,5,5,0.00698319445326556
per_mm,16 tipping,PC,CAH,-0.0065852188253017864,0.48677308726664603,1,5,0.00698319445326556
per_mm,16 tipping,PC,CMH,-0.005012669020525285,0.48677308726664603,1,5,0.00698319445326556
per_mm,16 tipping,CAH,CMH,0.0015725498047765019,0.15026466151931953,5,5,0.00698319445326556
